Account Type,Account,Beginning mkt Value,Change in Investment,Ending mkt Value,Short Balance,Ending Net Value,Dividends This Period,Dividends Year to Date,Interest This Year,Interest Year to Date,Total This Period,Total Year to Date
BrokerageLink,653154671,10030.02,4306.95,14336.97,,,,,,,2.87,6.69
 

Symbol/CUSIP,Description,Quantity,Price,Beginning Value,Ending Value,Cost Basis
 

653154671 
Stocks 
NVDA,NVIDIA CORPORATION COM ,90.02900,157.99000,9805.95,14223.68,10296.36
Subtotal of Stocks,,,,,14223.68,10296.36,,,, 

653154671 
Core Account 
FDRXX,FIDELITY GOVERNMENT CASH RESERVES ,113.29000,1.00000,224.07,113.29,not applicable
Subtotal of Core Account,,,,,113.29,,,,,