date,description,amount,category
2025-11-30,APPLE.COM/BILL ONE APPLE PARK WAY CUPERTINO 95014 CA USA,-38.56,
2025-12-05,W8TECH_*SA 3250 PEPPER LANE LAS VEGAS 89120 NV USA,-130.00,
2025-12-07,APPLE.COM/BILL ONE APPLE PARK CUPERTINO 95014 CA USA,-9.99,
2025-12-11,APPLE.COM/BILL ONE APPLE PARK WAY CUPERTINO 95014 CA USA,-45.70,
2025-12-18,APPLE.COM/BILL ONE APPLE PARK WAY CUPERTINO 95014 CA USA,-15.06,
2025-12-24,APPLE.COM/BILL ONE APPLE PARK WAY CUPERTINO 95014 CA USA,-38.56,
2025-12-27,APPLE.COM/BILL ONE APPLE PARK WAY CUPERTINO 95014 CA USA,-5.50,
2025-12-29,APPLE.COM/BILL ONE APPLE PARK CUPERTINO 95014 CA USA,-14.31,
2025-12-31,ACH Deposit Internet transfer from account ending in 4983,557.94,
